,precision,recall,f1-score,support
background,0.6475241722824494,0.7555555555555555,0.6973808772483433,2925.0
conclusions,0.8434265580268663,0.8358795285901353,0.8396360846212868,4582.0
methods,0.9370399840859359,0.9470245275432247,0.942005799420058,9948.0
objective,0.750654793085385,0.6031144781144782,0.6688448074679113,2376.0
results,0.9236289082521784,0.9155573620567016,0.9195754235558277,9841.0
accuracy,0.8730115934214074,0.8730115934214074,0.8730115934214074,0.8730115934214074
macro avg,0.820454883146563,0.8114262903720191,0.8134885984626854,29672.0
weighted avg,0.8746714184744108,0.8730115934214074,0.8727703661389032,29672.0
