,precision,recall,f1-score,support
background,0.5642661804922516,0.21162393162393162,0.3078070611636002,2925.0
conclusions,0.47490623325593856,0.5803142732431252,0.522345545624202,4582.0
methods,0.6200921816319563,0.7302975472456775,0.6706979320531757,9948.0
objective,0.7192118226600985,0.061447811447811446,0.11322217913920124,2376.0
results,0.6928642488921045,0.7784777969718525,0.733180208632405,9841.0
accuracy,0.6184281477487193,0.6184281477487193,0.6184281477487193,0.6184281477487193
macro avg,0.6142681333864699,0.4724322721064797,0.4694505853225168,29672.0
weighted avg,0.624241720328284,0.6184281477487193,0.5880988239014847,29672.0
