,precision,recall,f1-score,support
background,0.6476683937823834,0.7692307692307693,0.7032348804500703,2925.0
conclusions,0.8465946660789068,0.8382802269751201,0.8424169316811054,4582.0
methods,0.935933147632312,0.9457177322074789,0.9408,9948.0
objective,0.7676991150442478,0.5841750841750841,0.6634799235181644,2376.0
results,0.922048770533619,0.9183009856721878,0.9201710620099787,9841.0
accuracy,0.8736856295497438,0.8736856295497438,0.8736856295497438,0.8736856295497438
macro avg,0.8239888186142938,0.8111409596521281,0.8140205595318637,29672.0
weighted avg,0.8756445407319944,0.8736856295497438,0.8731405542531221,29672.0
