method,category,val_accuracy,val_macro_f1,test_accuracy,test_macro_f1
Zero-shot image-only (global+local),zero_shot_proper,0.8773584905660378,0.7763472098692848,0.8782683240462923,0.7641668835844885
Zero-shot image-only (global),zero_shot_proper,0.8775778850372971,0.7757981586086612,0.8780540077153879,0.7661609711213798
Text-only prompt matching (global),text_only_ablation,0.9780605528740676,0.9620468282362244,0.979854264894985,0.9647846152421561
Image+text prompt matching (global),retrieval_like,0.9666520403685828,0.9197793973794018,0.9691384483497643,0.9274958502355659
Image+text prompt matching (global+local),retrieval_like,0.9666520403685828,0.9197793973794018,0.9689241320188599,0.9255311951297451
