condition,zero_shot_image_acc,retrieval_like_acc,few_shot_image_acc,few_shot_image_text_acc
clean,0.8782683240462923,0.9691384483497643,0.8182597513930562,0.9284183454779255
gaussian_noise,0.7554650664380625,0.9517788255465066,0.6836690955850836,0.8733390484354908
gaussian_blur,0.8347621088726961,0.9693527646806687,0.7880411487355337,0.9314187741105873
