,precision,recall,f1-score,support
background,0.5686660111438873,0.5931623931623932,0.5806559571619813,2925.0
conclusions,0.7341826819261499,0.7420340462680053,0.7380874850754369,4582.0
methods,0.8873650423110593,0.9170687575392038,0.9019724158386475,9948.0
objective,0.7024491922876498,0.5673400673400674,0.6277066356228173,2376.0
results,0.8843718079673136,0.8797886393659181,0.8820742702867913,9841.0
accuracy,0.8177406308978161,0.8177406308978161,0.8177406308978161,0.8177406308978161
macro avg,0.755406947127212,0.7398787807351176,0.7460993527971349,29672.0
weighted avg,0.8164937589368326,0.8177406308978161,0.8164289897617093,29672.0
