,precision,recall,f1-score,support
background,0.5611620795107034,0.25094017094017096,0.34679896054807463,2925.0
conclusions,0.4912023460410557,0.5848974247053689,0.5339709105399482,4582.0
methods,0.6365356497806829,0.7439686369119421,0.686071842410197,9948.0
objective,0.6853333333333333,0.10816498316498316,0.18684114867320975,2376.0
results,0.705208142306987,0.7815262676557261,0.7414083963946595,9841.0
accuracy,0.6323469937988676,0.6323469937988676,0.6323469937988676,0.6323469937988676
macro avg,0.6158883101945525,0.49389949667563826,0.4990182517132178,29672.0
weighted avg,0.6333462592541864,0.6323469937988676,0.6075161417552303,29672.0
