,precision,recall,f1-score,support
background,0.5742340926944226,0.24991452991452992,0.348261076703192,2925.0
conclusions,0.48904309715120525,0.5844609340899171,0.5325114336846292,4582.0
methods,0.6329594477998275,0.7374346602332127,0.6812145974556597,9948.0
objective,0.6919191919191919,0.11531986531986532,0.1976911976911977,2376.0
results,0.6999177105239097,0.7778681028350778,0.7368370391760516,9841.0
accuracy,0.6293475330277702,0.6293475330277702,0.6293475330277702,0.6293475330277702
macro avg,0.6176147080177115,0.4929996184785205,0.49930306894214604,29672.0
weighted avg,0.6318752011410248,0.6293475330277702,0.6051591211321959,29672.0
