,precision,recall,f1-score,support
background,0.5668934240362812,0.2564102564102564,0.3531073446327684,2925.0
conclusions,0.4880496259806605,0.5838061981667394,0.5316506012123621,4582.0
methods,0.6375645175400227,0.7326095697627664,0.6817905421207727,9948.0
objective,0.6871345029239766,0.0989057239057239,0.17292126563649743,2376.0
results,0.6977917981072556,0.7867086678183112,0.7395873137179977,9841.0
accuracy,0.6298867619304395,0.6298867619304395,0.6298867619304395,0.6298867619304395
macro avg,0.6154867737176393,0.4916880832127594,0.49581141346407964,29672.0
weighted avg,0.6314538668158036,0.6298867619304395,0.6046257088256428,29672.0
