,precision,recall,f1-score,support
background,0.5590106007067138,0.27042735042735044,0.36451612903225805,2925.0
conclusions,0.49726672950047124,0.5757311217808817,0.5336300192171538,4582.0
methods,0.6367469879518072,0.7437675914756735,0.6861090504451038,9948.0
objective,0.6658536585365854,0.1148989898989899,0.19597989949748743,2376.0
results,0.7032594762863944,0.7805101107611015,0.7398738139960507,9841.0
accuracy,0.6329873281207873,0.6329873281207873,0.6329873281207873,0.6329873281207873
macro avg,0.6124274905963945,0.49706703286879944,0.5040217824376108,29672.0
weighted avg,0.6319353598207134,0.6329873281207873,0.6094453256956529,29672.0
