label,precision,recall,f1-score,support
ct,0.9659318637274549,0.9167855444602948,0.9407172481092949,2103.0
xray_radiograph,0.9454545454545454,0.9861415025528811,0.9653695108889683,1371.0
mri,0.9829787234042553,0.8640897755610972,0.9197080291970803,802.0
ultrasound,0.9099378881987578,0.9898648648648649,0.948220064724919,296.0
angiography,0.6657534246575343,0.9878048780487805,0.795417348608838,246.0
accuracy,0.935865504358655,0.935865504358655,0.935865504358655,0.935865504358655
macro avg,0.8940112890885095,0.9489373130975839,0.9138864403058202,4818.0
weighted avg,0.9441757544167325,0.935865504358655,0.9372772143078106,4818.0
