label,precision,recall,f1-score,support
ct,0.8744336569579289,0.642415596766524,0.7406798245614035,2103.0
xray_radiograph,0.7456608811748998,0.8147337709700948,0.7786685256186825,1371.0
mri,0.5375302663438256,0.830423940149626,0.6526212640862322,802.0
ultrasound,0.9467680608365019,0.8412162162162162,0.8908765652951699,296.0
angiography,0.7289377289377289,0.8089430894308943,0.766859344894027,246.0
accuracy,0.7434620174346201,0.7434620174346201,0.7434620174346201,0.7434620174346201
macro avg,0.766666118850177,0.787546522706671,0.7659411048911029,4818.0
weighted avg,0.7787248546300013,0.7434620174346201,0.7473958770536123,4818.0
