label,precision,recall,f1-score,support
ct,0.947209653092006,0.8958630527817404,0.9208211143695014,2103.0
xray_radiograph,0.9484536082474226,0.9394602479941648,0.9439355075119091,1371.0
mri,0.8550057537399309,0.92643391521197,0.8892878515858768,802.0
ultrasound,0.9442622950819672,0.972972972972973,0.9584026622296173,296.0
angiography,0.8047138047138047,0.9715447154471545,0.8802946593001841,246.0
accuracy,0.9219593192195932,0.9219593192195932,0.9219593192195932,0.9219593192195932
macro avg,0.8999290229750262,0.9412549808816006,0.9185483589994178,4818.0
weighted avg,0.9247587478545014,0.9219593192195932,0.9223891480899906,4818.0
