label,precision,recall,f1-score,support
ct,0.7786091549295775,0.8411792677127913,0.8086857142857143,2103.0
xray_radiograph,0.8761804826862539,0.6090444930707513,0.7185886402753873,1371.0
mri,0.6604696673189824,0.8416458852867831,0.7401315789473685,802.0
ultrasound,0.7583333333333333,0.9222972972972973,0.8323170731707317,296.0
angiography,0.7914691943127962,0.6788617886178862,0.7308533916849015,246.0
accuracy,0.7718970527189706,0.7718970527189706,0.7718970527189706,0.7718970527189706
macro avg,0.7730123665161887,0.7786057463971019,0.7661152796728208,4818.0
weighted avg,0.7861193973095048,0.7718970527189706,0.7691142377105075,4818.0
